Timestamp,CPU1 (%),CPU2 (%),CPU3 (%),CPU4 (%),GPU (%),Temp SOC0 (°C),Temp CPU (°C),Temp GPU (°C)
2025-04-22 01:08:56,36,29,27,31,11.0,46.281,46.687,47.187
2025-04-22 01:09:06,65,64,62,67,49.8,46.75,47.062,48.187
2025-04-22 01:09:17,80,75,80,78,22.3,47.125,48.562,48.125
2025-04-22 01:09:28,72,79,74,77,31.8,47.468,48.718,48.593
2025-04-22 01:09:39,73,76,80,82,40.6,47.843,49.25,48.781
2025-04-22 01:09:50,62,78,65,60,37.9,47.781,49.031,49.062
2025-04-22 01:10:01,53,51,59,53,47.2,47.781,48.5,49.062
2025-04-22 01:10:12,57,37,40,64,36.4,47.718,48.156,48.562
2025-04-22 01:10:23,47,48,51,62,33.7,47.593,48.312,48.843
2025-04-22 01:10:34,54,55,43,55,18.8,47.468,48.125,48.437
2025-04-22 01:10:45,59,47,53,47,0.0,47.312,47.875,48.75
2025-04-22 01:10:56,52,52,57,59,61.1,47.218,47.937,48.406
2025-04-22 01:11:08,65,59,58,54,13.5,47.156,47.781,48.531
2025-04-22 01:11:19,55,43,54,51,19.6,47.093,47.906,48.093
2025-04-22 01:11:30,50,55,56,37,10.0,47.25,48.031,48.375
2025-04-22 01:11:41,52,39,58,51,0.0,47.093,47.656,48.093
2025-04-22 01:11:52,59,40,54,64,26.0,47.062,47.812,48.125
2025-04-22 01:12:03,39,61,50,54,15.3,47.093,47.562,48.125
2025-04-22 01:12:14,59,48,44,54,23.0,47.093,47.781,48.0
2025-04-22 01:12:25,47,47,51,61,0.0,47.031,47.843,48.062
2025-04-22 01:12:36,53,52,48,44,60.9,47.187,47.437,47.968
2025-04-22 01:12:47,59,39,56,37,0.0,47.0,47.406,48.093
2025-04-22 01:12:58,56,47,44,58,35.1,46.937,47.281,48.187
2025-04-22 01:13:09,66,51,47,41,16.8,46.812,47.375,47.937
2025-04-22 01:13:20,36,52,50,52,28.0,47.031,47.218,47.875
2025-04-22 01:13:31,32,56,48,45,37.8,46.875,47.437,48.25
2025-04-22 01:13:42,64,57,44,53,0.0,47.093,47.343,48.375
2025-04-22 01:13:53,57,48,54,61,0.0,46.937,47.593,47.781
2025-04-22 01:14:04,56,51,39,57,11.3,47.062,47.781,48.0
2025-04-22 01:14:15,58,54,53,59,0.0,46.968,47.437,47.843
2025-04-22 01:14:26,63,36,46,46,0.0,46.968,47.781,48.062
2025-04-22 01:14:37,45,44,44,57,42.6,46.843,47.406,48.125
2025-04-22 01:14:48,42,46,64,46,56.0,46.937,47.656,47.906
2025-04-22 01:14:59,53,52,48,63,24.4,46.843,47.687,48.343
2025-04-22 01:15:10,48,59,51,39,0.0,46.937,47.312,47.875
2025-04-22 01:15:21,63,49,48,49,0.0,46.875,47.375,47.937
2025-04-22 01:15:32,52,49,36,46,0.0,46.906,47.312,48.031
2025-04-22 01:15:43,48,48,40,46,0.0,46.843,47.375,47.812
2025-04-22 01:15:54,54,46,52,52,0.0,46.968,47.625,48.0
2025-04-22 01:16:05,48,39,45,49,0.0,46.875,47.406,48.0
2025-04-22 01:16:16,46,50,55,44,0.0,46.875,47.468,48.031
2025-04-22 01:16:27,63,53,49,43,0.0,47.125,47.562,48.187
2025-04-22 01:16:38,57,54,59,45,0.0,46.843,47.843,48.218
2025-04-22 01:16:49,62,41,32,44,39.5,46.843,47.187,47.812
2025-04-22 01:17:00,66,39,47,40,0.0,46.843,47.343,48.312
2025-04-22 01:17:11,55,45,51,50,0.0,46.937,47.437,47.937
2025-04-22 01:17:22,60,50,51,48,0.0,46.906,47.5,48.031
2025-04-22 01:17:33,67,42,45,38,0.0,46.781,47.312,47.843
2025-04-22 01:17:44,46,57,54,33,0.0,46.843,47.406,48.062
2025-04-22 01:17:55,66,43,61,55,26.9,46.875,47.375,48.062
2025-04-22 01:18:06,63,56,44,52,0.0,46.812,47.468,48.281
2025-04-22 01:18:17,44,63,47,49,0.0,46.75,47.5,47.968
2025-04-22 01:18:28,63,38,44,41,0.0,46.75,47.156,48.187
2025-04-22 01:18:39,51,51,62,46,0.0,46.968,47.281,47.781
2025-04-22 01:18:50,59,43,53,42,1.9,46.906,47.25,48.062
2025-04-22 01:19:01,49,46,44,53,0.0,46.781,47.187,47.812
2025-04-22 01:19:12,46,55,66,41,0.0,46.843,47.937,48.0
2025-04-22 01:19:23,68,63,59,61,0.0,46.718,47.187,48.093
2025-04-22 01:19:34,47,61,35,46,0.0,46.906,47.656,47.906
2025-04-22 01:19:45,50,50,55,57,0.0,46.812,47.562,48.25
2025-04-22 01:19:56,51,42,62,49,0.0,46.687,47.468,47.937
2025-04-22 01:20:07,46,46,64,45,0.0,46.906,47.062,47.843
2025-04-22 01:20:18,55,34,42,63,42.2,46.687,47.218,47.687
2025-04-22 01:20:29,58,48,52,39,0.0,46.812,47.593,48.062
2025-04-22 01:20:40,47,50,47,53,0.0,46.937,47.5,48.156
2025-04-22 01:20:51,57,49,46,37,0.0,46.906,47.062,47.875
2025-04-22 01:21:02,51,53,61,56,0.0,46.718,47.5,48.125
2025-04-22 01:21:13,44,53,55,44,9.4,46.843,47.281,47.843
2025-04-22 01:21:24,48,48,54,52,56.0,46.687,47.593,48.187
2025-04-22 01:21:35,54,53,45,58,62.2,46.75,47.656,47.812
2025-04-22 01:21:46,52,41,58,53,0.0,46.968,47.718,48.125
2025-04-22 01:21:57,64,58,57,43,67.7,46.75,47.406,47.875
2025-04-22 01:22:08,57,57,55,50,0.0,46.875,47.687,48.0
2025-04-22 01:22:19,53,49,49,57,28.8,46.781,47.062,47.812
2025-04-22 01:22:30,55,61,54,59,65.5,46.75,47.468,48.125
2025-04-22 01:22:41,47,58,46,53,0.0,46.656,47.5,47.75
2025-04-22 01:22:52,53,58,45,59,0.0,46.812,47.375,48.125
2025-04-22 01:23:03,39,54,44,63,14.6,46.906,47.437,47.687
2025-04-22 01:23:14,53,47,60,43,23.7,46.812,47.562,47.812
2025-04-22 01:23:25,41,52,35,57,29.2,47.031,47.343,47.937
2025-04-22 01:23:36,57,65,49,42,0.0,46.968,47.343,47.812
2025-04-22 01:23:47,62,63,45,48,0.0,46.875,47.187,48.0
2025-04-22 01:23:58,47,64,42,49,0.0,46.812,47.343,47.718
2025-04-22 01:24:09,48,51,58,53,0.0,46.906,47.593,47.968
2025-04-22 01:24:20,42,54,48,42,0.0,46.781,47.312,47.687
2025-04-22 01:24:31,58,62,43,43,0.0,46.718,47.437,47.781
2025-04-22 01:24:42,47,56,52,67,0.0,46.781,47.562,47.906
2025-04-22 01:24:53,73,61,44,50,0.0,46.781,47.593,47.75
2025-04-22 01:25:04,54,45,44,48,0.0,46.781,47.187,47.843
2025-04-22 01:25:15,55,57,37,40,0.0,46.937,47.437,48.25
2025-04-22 01:25:27,46,53,64,57,0.0,46.75,47.375,47.75
2025-04-22 01:25:37,67,54,50,52,0.0,46.937,47.531,48.125
2025-04-22 01:25:48,46,45,39,42,0.0,46.75,47.062,47.937
2025-04-22 01:26:00,57,38,61,43,0.0,46.875,47.218,47.75
2025-04-22 01:26:11,66,41,48,38,7.5,46.812,47.031,47.812
2025-04-22 01:26:21,56,35,57,36,0.0,46.718,47.312,47.75
2025-04-22 01:26:33,49,52,45,50,0.0,46.875,47.25,47.875
2025-04-22 01:26:44,55,47,37,46,40.5,46.593,47.125,47.781
2025-04-22 01:26:55,55,58,45,33,0.0,46.687,47.718,47.781
2025-04-22 01:27:06,41,51,49,56,0.0,46.75,47.281,47.781
2025-04-22 01:27:17,57,47,51,48,8.5,46.687,47.093,47.843
2025-04-22 01:27:28,69,44,46,53,0.0,46.781,47.312,48.062
2025-04-22 01:27:39,51,52,55,54,0.0,46.718,47.531,47.718
2025-04-22 01:27:50,55,48,50,56,61.3,46.656,47.25,47.687
2025-04-22 01:28:01,51,54,47,57,0.0,46.718,47.125,47.781
2025-04-22 01:28:12,46,45,69,42,0.0,46.812,47.25,47.656
2025-04-22 01:28:23,45,53,55,59,0.0,46.687,47.125,48.093
2025-04-22 01:28:34,59,39,36,43,0.0,46.781,47.125,48.062
2025-04-22 01:28:45,52,59,52,58,60.5,46.906,47.25,48.0
2025-04-22 01:28:56,52,48,51,60,10.3,46.656,47.656,47.75
2025-04-22 01:29:07,54,42,46,51,0.0,46.812,47.093,47.625
2025-04-22 01:29:18,50,59,45,66,40.0,46.718,47.312,47.875
2025-04-22 01:29:29,45,55,53,57,0.0,46.843,47.093,47.937
2025-04-22 01:29:40,58,46,59,56,55.3,46.687,47.5,47.718
2025-04-22 01:29:51,66,48,56,60,7.7,46.687,47.218,47.625
2025-04-22 01:30:02,60,62,39,43,0.0,46.656,47.437,47.937
2025-04-22 01:30:13,51,60,61,61,0.0,46.906,47.218,47.812
2025-04-22 01:30:24,71,64,65,63,33.6,46.718,47.5,47.906
2025-04-22 01:30:35,52,49,55,66,57.3,46.625,47.062,48.031
2025-04-22 01:30:46,47,28,36,66,0.0,46.75,46.937,47.812
2025-04-22 01:30:57,52,54,65,46,22.4,46.687,47.312,47.656
2025-04-22 01:31:08,55,40,45,58,37.1,46.75,47.031,47.968
2025-04-22 01:31:19,57,40,50,63,0.0,46.687,47.343,47.593
2025-04-22 01:31:30,49,52,45,68,48.2,46.656,47.218,47.812
2025-04-22 01:31:41,46,52,47,67,31.1,46.656,47.656,47.968
2025-04-22 01:31:52,63,56,36,45,55.5,46.906,47.312,47.968
2025-04-22 01:32:03,46,61,47,53,29.8,46.781,47.062,47.625
2025-04-22 01:32:14,48,60,47,62,31.1,46.593,47.031,48.062
2025-04-22 01:32:25,61,62,41,52,8.7,46.812,47.343,48.062
2025-04-22 01:32:36,49,54,47,53,32.7,46.656,47.093,47.812
2025-04-22 01:32:47,55,53,65,70,58.7,46.812,46.968,47.718
2025-04-22 01:32:58,64,57,66,67,0.0,46.812,46.968,47.656
2025-04-22 01:33:09,63,43,57,53,55.5,46.656,46.937,47.625
2025-04-22 01:33:20,49,55,43,46,8.0,46.593,47.125,47.718
2025-04-22 01:33:31,57,54,50,44,57.7,46.593,46.968,47.781
2025-04-22 01:33:42,52,48,47,52,40.0,46.656,46.781,47.5
2025-04-22 01:33:53,55,52,55,48,63.2,46.687,47.187,47.531
2025-04-22 01:34:04,52,59,50,46,34.2,46.593,47.375,47.625
2025-04-22 01:34:15,45,54,57,61,65.9,46.593,47.062,47.562
2025-04-22 01:34:26,62,52,56,37,0.0,46.781,47.281,47.562
2025-04-22 01:34:37,45,55,53,59,10.1,46.625,47.125,47.906
2025-04-22 01:34:48,49,48,58,45,0.0,46.718,47.062,47.593
2025-04-22 01:34:59,51,53,53,61,0.0,46.656,46.843,47.75
2025-04-22 01:35:10,59,38,47,53,0.0,46.593,47.0,47.812
2025-04-22 01:35:21,48,61,43,63,53.9,46.562,46.843,47.812
2025-04-22 01:35:32,38,50,42,47,25.5,46.593,46.906,47.625
2025-04-22 01:35:43,52,61,55,55,0.0,46.593,47.156,48.0
2025-04-22 01:35:54,57,56,51,52,51.5,46.781,47.375,47.593
2025-04-22 01:36:05,57,49,56,56,10.8,46.593,47.218,47.562
2025-04-22 01:36:16,52,40,44,100,0.0,46.593,47.312,47.656
2025-04-22 01:36:27,69,43,40,46,42.5,46.687,47.343,48.031
2025-04-22 01:36:38,62,57,48,48,56.7,46.718,47.0,47.781
2025-04-22 01:36:49,52,51,49,60,0.0,46.625,47.125,47.562
2025-04-22 01:37:00,55,58,54,60,0.0,46.625,47.156,47.906
2025-04-22 01:37:11,41,41,51,65,32.9,46.625,47.281,47.812
2025-04-22 01:37:22,52,47,66,44,30.4,46.75,47.25,47.75
2025-04-22 01:37:33,57,49,58,55,0.0,46.625,47.031,47.781
2025-04-22 01:37:44,49,54,46,56,7.7,46.593,47.125,47.687
2025-04-22 01:37:55,64,56,62,48,0.0,46.656,47.187,47.812
2025-04-22 01:38:06,57,44,52,55,54.5,46.75,47.25,47.812
2025-04-22 01:38:17,57,45,54,45,39.8,46.718,47.25,47.593
2025-04-22 01:38:28,61,37,54,61,0.0,46.781,47.343,47.812
2025-04-22 01:38:39,49,49,46,53,0.0,46.593,47.375,47.625
2025-04-22 01:38:50,46,40,47,62,0.0,46.687,47.312,47.656
2025-04-22 01:39:01,54,44,58,47,0.0,46.812,46.843,47.656
2025-04-22 01:39:12,48,35,50,55,0.0,46.781,46.937,47.531
2025-04-22 01:39:23,49,45,59,62,0.0,46.718,47.25,47.562
2025-04-22 01:39:34,48,64,47,66,7.5,46.812,47.406,47.687
2025-04-22 01:39:45,63,53,49,54,0.0,46.718,47.093,47.812
2025-04-22 01:39:56,54,55,50,47,0.0,46.656,47.156,47.812
2025-04-22 01:40:07,43,63,46,35,0.0,46.687,47.0,47.593
2025-04-22 01:40:19,68,46,37,50,10.4,46.781,46.937,47.812
2025-04-22 01:40:29,47,62,51,46,0.0,46.75,47.187,47.687
2025-04-22 01:40:41,49,54,57,49,54.7,46.718,46.968,47.687
2025-04-22 01:40:51,45,53,36,58,0.0,46.593,47.281,47.625
2025-04-22 01:41:03,42,75,42,39,7.7,46.562,47.218,47.937
2025-04-22 01:41:13,54,58,45,54,0.0,46.5,47.281,47.5
2025-04-22 01:41:25,42,47,60,54,23.3,46.656,46.906,47.593
2025-04-22 01:41:36,61,57,41,43,40.4,46.593,47.062,47.968
2025-04-22 01:41:47,46,46,52,40,0.0,46.562,47.156,47.531
2025-04-22 01:41:58,48,54,54,48,0.0,46.781,47.062,47.625
2025-04-22 01:42:09,52,50,42,44,0.0,46.656,46.937,47.562
2025-04-22 01:42:20,51,54,47,41,0.0,46.593,47.062,47.437
2025-04-22 01:42:31,48,42,58,56,0.0,46.625,47.25,47.656
2025-04-22 01:42:42,47,50,63,49,0.0,46.531,47.0,47.562
2025-04-22 01:42:53,57,58,53,44,7.2,46.593,46.937,47.781
2025-04-22 01:43:04,46,57,44,48,0.0,46.562,47.062,47.843
2025-04-22 01:43:15,52,52,45,46,9.1,46.562,47.281,47.687
2025-04-22 01:43:26,47,45,50,53,50.4,46.75,46.781,47.593
2025-04-22 01:43:37,56,32,53,29,0.0,46.5,47.031,47.812
2025-04-22 01:43:48,45,41,50,57,43.7,46.531,47.187,47.656
2025-04-22 01:43:59,37,58,53,32,0.0,46.5,47.156,47.562
2025-04-22 01:44:10,63,47,41,50,7.5,46.531,47.062,47.75
2025-04-22 01:44:21,70,40,56,51,7.9,46.656,47.031,47.593
2025-04-22 01:44:32,58,48,44,64,0.0,46.562,46.968,47.937
2025-04-22 01:44:43,67,46,40,42,0.0,46.562,47.312,47.75
2025-04-22 01:44:54,40,45,50,46,53.6,46.781,46.968,47.562
2025-04-22 01:45:05,55,44,57,57,4.9,46.593,47.218,47.593
2025-04-22 01:45:16,51,45,60,60,11.2,46.593,46.968,47.531
2025-04-22 01:45:27,57,53,54,42,35.6,46.593,47.062,47.875
2025-04-22 01:45:38,54,54,51,42,34.0,46.562,46.906,47.437
2025-04-22 01:45:49,48,46,53,69,0.0,46.562,46.906,47.812
2025-04-22 01:46:00,59,56,48,53,0.0,46.531,46.968,47.593
2025-04-22 01:46:11,60,44,53,54,0.0,46.562,46.875,47.375
2025-04-22 01:46:22,44,59,62,50,0.0,46.531,47.125,47.625
2025-04-22 01:46:33,53,42,49,48,0.0,46.781,46.906,47.843
2025-04-22 01:46:44,59,63,49,43,63.1,46.562,46.75,47.5
2025-04-22 01:46:55,56,45,43,65,46.7,46.468,46.843,47.531
2025-04-22 01:47:06,44,57,56,56,0.0,46.531,47.093,47.406
2025-04-22 01:47:17,50,59,46,51,0.0,46.5,46.843,47.531
2025-04-22 01:47:28,53,59,44,63,0.0,46.468,47.062,47.468
2025-04-22 01:47:39,55,51,52,55,0.0,46.468,47.0,47.437
2025-04-22 01:47:50,46,66,72,54,0.0,46.406,46.843,47.562
2025-04-22 01:48:01,62,61,44,50,23.4,46.468,46.843,47.5
2025-04-22 01:48:12,68,65,56,59,39.8,46.5,47.281,47.5
2025-04-22 01:48:23,56,50,54,43,0.0,46.437,47.281,47.906
2025-04-22 01:48:34,44,47,46,57,0.0,46.5,46.718,47.812
2025-04-22 01:48:45,46,59,59,42,0.0,46.406,46.781,47.5
2025-04-22 01:48:56,66,45,44,59,0.0,46.5,46.75,47.593
2025-04-22 01:49:07,74,46,43,45,7.5,46.625,47.0,47.406
2025-04-22 01:49:18,66,53,48,47,0.0,46.531,46.75,47.593
2025-04-22 01:49:29,63,53,42,53,0.0,46.562,46.875,47.593
2025-04-22 01:49:40,59,49,50,58,0.0,46.468,47.218,47.468
2025-04-22 01:49:51,54,61,62,55,0.0,46.5,47.156,47.593
2025-04-22 01:50:02,57,58,59,61,0.0,46.437,46.687,47.5
2025-04-22 01:50:13,58,57,59,46,22.4,46.437,47.062,47.843
2025-04-22 01:50:24,49,54,53,49,0.0,46.468,46.843,47.531
2025-04-22 01:50:35,50,56,54,53,32.0,46.343,47.406,47.5
2025-04-22 01:50:46,55,58,47,47,0.0,46.562,46.687,47.343
2025-04-22 01:50:57,46,48,46,66,0.0,46.468,46.75,47.25
2025-04-22 01:51:08,46,61,42,59,7.5,46.5,46.843,47.343
2025-04-22 01:51:19,58,54,48,62,11.2,46.531,46.875,47.343
2025-04-22 01:51:30,66,39,47,44,0.0,46.406,46.906,47.812
2025-04-22 01:51:41,58,65,49,53,0.0,46.375,46.781,47.281
2025-04-22 01:51:52,55,56,53,80,30.3,46.531,47.062,47.343
2025-04-22 01:52:03,65,51,55,48,9.5,46.593,46.906,47.437
2025-04-22 01:52:14,66,48,49,44,38.6,46.437,47.187,47.25
2025-04-22 01:52:25,45,63,46,61,34.9,46.406,47.125,47.406
2025-04-22 01:52:36,59,49,59,44,0.0,46.5,47.312,47.593
2025-04-22 01:52:47,57,58,60,49,61.4,46.468,46.968,47.25
2025-04-22 01:52:58,52,59,45,53,14.0,46.593,46.812,47.468
2025-04-22 01:53:09,46,59,56,55,0.0,46.437,46.875,47.468
2025-04-22 01:53:20,55,49,44,57,7.0,46.468,47.0,47.312
2025-04-22 01:53:31,56,53,69,52,0.0,46.468,47.062,47.812
2025-04-22 01:53:42,72,51,57,62,33.6,46.375,47.125,47.468
2025-04-22 01:53:53,52,63,47,61,10.7,46.343,47.062,47.593
2025-04-22 01:54:04,56,52,51,56,42.3,46.406,47.031,47.375
2025-04-22 01:54:15,48,59,53,55,0.0,46.562,47.0,47.5
2025-04-22 01:54:26,55,57,51,53,0.0,46.437,46.781,47.687
2025-04-22 01:54:37,57,48,53,45,0.0,46.531,46.781,47.75
2025-04-22 01:54:48,55,43,43,47,0.0,46.625,46.656,47.375
2025-04-22 01:54:59,67,50,46,44,0.0,46.437,46.968,47.468
2025-04-22 01:55:11,55,48,62,63,0.0,46.5,46.812,47.468
2025-04-22 01:55:22,62,56,49,59,0.0,46.5,47.062,47.812
2025-04-22 01:55:32,75,75,56,58,0.0,46.531,46.937,47.593
2025-04-22 01:55:43,45,42,59,55,0.0,46.593,46.781,47.437
2025-04-22 01:55:55,75,55,42,52,0.0,46.687,46.843,47.406
2025-04-22 01:56:05,56,43,51,63,51.2,46.531,46.906,47.468
2025-04-22 01:56:17,54,52,49,63,0.0,46.375,46.812,47.468
2025-04-22 01:56:28,59,60,43,46,0.0,46.281,46.875,47.375
2025-04-22 01:56:39,43,38,59,63,0.0,46.468,47.062,47.625
2025-04-22 01:56:50,67,39,42,47,0.0,46.5,46.718,47.312
2025-04-22 01:57:01,58,54,58,46,10.8,46.562,47.062,47.687
2025-04-22 01:57:12,36,37,94,30,0.0,46.5,46.687,47.625
2025-04-22 01:57:23,62,59,61,54,13.3,46.437,46.937,47.375
2025-04-22 01:57:34,66,49,49,43,47.8,46.5,46.718,47.625
2025-04-22 01:57:45,57,48,57,61,0.0,46.625,46.843,47.375
2025-04-22 01:57:56,52,55,55,56,0.0,46.437,46.718,47.5
2025-04-22 01:58:07,55,55,62,49,0.0,46.437,46.937,47.531
2025-04-22 01:58:18,58,56,55,49,0.0,46.5,46.75,47.468
2025-04-22 01:58:29,52,47,52,55,0.0,46.468,47.062,47.343
2025-04-22 01:58:40,47,39,57,56,0.0,46.5,46.937,47.437
2025-04-22 01:58:51,55,55,57,58,0.0,46.406,46.781,47.312
2025-04-22 01:59:02,56,56,53,50,41.1,46.437,47.031,47.656
2025-04-22 01:59:13,65,64,60,68,0.0,46.5,47.437,47.437
2025-04-22 01:59:24,54,54,49,64,7.9,46.5,47.125,47.406
2025-04-22 01:59:35,50,53,40,66,0.0,46.562,46.718,47.531
2025-04-22 01:59:46,54,60,55,51,0.0,46.562,46.593,47.343
2025-04-22 01:59:57,56,48,55,54,7.8,46.406,46.781,47.687
2025-04-22 02:00:08,56,58,57,73,69.1,46.593,46.906,47.5
2025-04-22 02:00:19,49,47,66,52,43.3,46.406,46.75,47.281
2025-04-22 02:00:30,58,53,47,54,0.0,46.5,46.843,47.75
2025-04-22 02:00:41,54,45,46,57,0.0,46.375,46.843,47.718
2025-04-22 02:00:52,67,50,63,52,35.6,46.531,47.093,47.406
2025-04-22 02:01:03,63,54,55,57,56.9,46.312,47.062,47.343
2025-04-22 02:01:14,47,52,47,53,0.0,46.281,46.5,47.406
2025-04-22 02:01:25,45,45,50,49,0.0,46.406,46.75,47.343
2025-04-22 02:01:36,69,46,48,42,0.0,46.593,46.843,47.281
2025-04-22 02:01:47,72,43,44,50,0.0,46.593,46.687,47.5
2025-04-22 02:01:58,60,48,46,61,11.2,46.406,47.062,47.25
2025-04-22 02:02:09,49,51,53,62,30.8,46.25,46.75,47.437
2025-04-22 02:02:20,44,43,40,97,0.0,46.437,47.062,47.343
2025-04-22 02:02:31,42,46,40,73,0.0,46.375,47.093,47.25
2025-04-22 02:02:42,66,49,49,54,0.0,46.437,47.093,47.312
2025-04-22 02:02:53,61,47,51,55,7.6,46.437,47.0,47.437
2025-04-22 02:03:04,64,72,62,65,63.6,46.312,47.312,47.281
2025-04-22 02:03:15,60,53,49,57,16.0,46.343,46.937,47.281
2025-04-22 02:03:26,55,52,64,55,0.0,46.5,46.593,47.218
2025-04-22 02:03:37,56,63,62,48,46.8,46.406,46.625,47.375
2025-04-22 02:03:48,52,54,57,47,26.0,46.375,46.562,47.468
2025-04-22 02:03:59,59,55,57,58,3.1,46.312,46.75,47.187
2025-04-22 02:04:10,54,46,50,57,25.7,46.312,47.062,47.218
2025-04-22 02:04:21,59,47,44,55,42.1,46.281,46.718,47.343
2025-04-22 02:04:32,50,70,54,68,10.6,46.281,47.156,47.531
2025-04-22 02:04:44,57,50,47,43,0.0,46.437,46.937,47.5
2025-04-22 02:04:55,53,47,51,57,0.0,46.343,46.812,47.312
2025-04-22 02:05:06,60,48,49,58,0.0,46.468,46.875,47.5
2025-04-22 02:05:17,52,67,56,70,0.0,46.281,46.656,47.718
2025-04-22 02:05:28,63,52,48,52,17.6,46.468,46.875,47.187
2025-04-22 02:05:39,63,56,53,65,41.0,46.312,46.875,47.125
2025-04-22 02:05:50,50,44,47,68,0.0,46.375,46.593,47.562
2025-04-22 02:06:01,62,52,59,48,8.2,46.125,46.5,47.125
2025-04-22 02:06:12,58,56,57,57,0.0,46.437,46.718,47.312
2025-04-22 02:06:23,59,63,51,50,15.0,46.25,46.593,47.468
2025-04-22 02:06:34,57,48,61,49,0.0,46.281,46.687,47.312
2025-04-22 02:06:45,61,48,51,61,0.0,46.281,46.593,47.25
2025-04-22 02:06:56,53,55,53,58,15.7,46.375,46.718,47.5
2025-04-22 02:07:07,60,62,58,52,0.0,46.312,46.968,47.343
2025-04-22 02:07:18,59,60,62,51,33.5,46.375,47.0,47.375
2025-04-22 02:07:29,57,57,50,54,0.0,46.281,47.031,47.343
2025-04-22 02:07:40,68,54,46,50,0.0,46.531,47.093,47.156
2025-04-22 02:07:51,59,48,55,49,36.6,46.187,47.0,47.562
2025-04-22 02:08:02,65,53,57,50,15.1,46.25,46.75,47.468
2025-04-22 02:08:14,53,48,46,71,0.0,46.343,46.593,47.218
2025-04-22 02:08:25,50,53,45,65,0.0,46.406,46.968,47.406
2025-04-22 02:08:36,59,47,49,54,0.0,46.343,46.593,47.312
2025-04-22 02:08:47,59,52,54,54,0.0,46.437,46.687,47.343
2025-04-22 02:08:58,56,49,64,47,0.0,46.187,46.875,47.593
2025-04-22 02:09:09,57,59,58,54,34.7,46.25,47.0,47.343
2025-04-22 02:09:20,55,56,56,49,0.0,46.343,47.062,47.25
2025-04-22 02:09:32,53,54,52,57,0.0,46.218,46.75,47.531
2025-04-22 02:09:43,64,54,49,46,33.2,46.281,46.75,47.593
2025-04-22 02:09:53,62,63,54,50,62.9,46.437,46.968,47.5
2025-04-22 02:10:04,61,51,50,56,0.0,46.593,47.0,47.25
2025-04-22 02:10:16,58,44,37,45,0.0,46.375,46.718,47.625
2025-04-22 02:10:26,60,66,52,61,0.0,46.437,46.718,47.687
2025-04-22 02:10:38,60,53,57,54,0.0,46.281,46.656,47.218
2025-04-22 02:10:49,59,57,57,56,0.0,46.593,46.75,47.531
2025-04-22 02:11:00,58,54,51,57,30.0,46.312,46.687,47.343
2025-04-22 02:11:11,53,49,63,51,62.6,46.437,47.031,47.281
2025-04-22 02:11:21,49,56,52,54,26.2,46.281,46.656,47.062
2025-04-22 02:11:33,52,55,59,58,61.8,46.531,46.906,47.687
2025-04-22 02:11:44,57,56,69,57,42.3,46.281,46.75,47.562
2025-04-22 02:11:55,52,63,47,55,0.0,46.218,46.937,47.5
2025-04-22 02:12:05,57,50,59,62,0.0,46.406,46.562,47.5
2025-04-22 02:12:17,58,55,54,62,11.2,46.343,46.75,47.187
2025-04-22 02:12:28,54,52,62,54,0.0,46.406,46.593,47.406
2025-04-22 02:12:39,60,55,60,64,8.0,46.468,46.718,47.531
2025-04-22 02:12:50,51,58,56,58,56.1,46.406,46.656,47.531
2025-04-22 02:13:01,62,49,51,61,0.0,46.593,46.656,47.718
2025-04-22 02:13:12,50,55,45,55,0.0,46.281,46.968,47.25
2025-04-22 02:13:23,65,53,50,62,0.0,46.281,46.812,47.312
2025-04-22 02:13:34,63,53,57,57,0.0,46.312,46.906,47.375
2025-04-22 02:13:45,56,53,57,56,0.0,46.218,46.718,47.25
2025-04-22 02:13:56,71,50,56,60,0.0,46.343,46.875,47.562
2025-04-22 02:14:07,59,60,57,66,7.7,46.375,46.843,47.562
2025-04-22 02:14:18,56,48,59,56,9.3,46.343,46.75,47.187
2025-04-22 02:14:29,64,64,66,61,0.0,46.343,46.75,47.531
2025-04-22 02:14:40,49,50,65,49,0.0,46.375,46.906,47.375
2025-04-22 02:14:51,50,50,60,68,0.0,46.562,47.093,47.562
2025-04-22 02:15:03,53,48,59,54,0.0,46.218,46.625,47.562
2025-04-22 02:15:14,56,47,58,54,0.0,46.312,46.656,47.531
2025-04-22 02:15:25,63,57,50,50,43.5,46.187,46.656,47.312
2025-04-22 02:15:36,56,51,56,61,57.0,46.375,46.625,47.281
2025-04-22 02:15:47,69,44,57,46,0.0,46.375,46.968,47.312
2025-04-22 02:15:58,59,62,60,56,0.0,46.281,46.75,47.343
2025-04-22 02:16:09,54,68,54,60,0.0,46.281,46.5,47.312
2025-04-22 02:16:20,57,53,55,57,15.1,46.218,46.875,47.406
2025-04-22 02:16:31,63,55,56,50,0.0,46.218,46.625,47.25
2025-04-22 02:16:42,60,45,48,62,63.5,46.5,46.781,47.375
2025-04-22 02:16:54,59,46,54,62,0.0,46.406,47.031,47.156
2025-04-22 02:17:05,60,65,56,57,7.9,46.187,46.687,47.468
2025-04-22 02:17:16,58,53,56,57,0.0,46.375,46.593,47.343
2025-04-22 02:17:27,56,59,62,59,63.8,46.312,46.75,47.656
2025-04-22 02:17:39,59,64,57,59,0.0,46.5,46.718,47.218
2025-04-22 02:17:51,64,54,50,53,0.0,46.406,46.812,47.187
2025-04-22 02:18:03,50,50,62,59,0.0,46.437,46.968,47.187
2025-04-22 02:18:16,68,56,56,53,0.0,46.312,46.812,47.218
2025-04-22 02:18:27,65,54,50,47,0.0,46.375,46.687,47.281
2025-04-22 02:18:38,61,56,59,54,0.0,46.218,47.0,47.656
2025-04-22 02:18:49,59,59,54,57,0.0,46.187,46.625,47.25
2025-04-22 02:19:00,61,63,55,57,4.7,46.281,46.625,47.281
2025-04-22 02:19:11,62,62,53,67,0.0,46.218,46.656,47.218
2025-04-22 02:19:22,56,60,48,56,0.0,46.281,46.843,47.187
2025-04-22 02:19:34,55,48,62,59,7.8,46.312,46.687,47.218
2025-04-22 02:19:45,57,57,56,56,0.0,46.406,46.937,47.156
2025-04-22 02:19:56,47,51,49,59,0.0,46.25,46.75,47.437
2025-04-22 02:20:07,46,48,56,48,10.3,46.187,46.531,47.281
2025-04-22 02:20:18,60,55,54,60,56.8,46.218,46.812,47.343
2025-04-22 02:20:29,60,56,75,66,0.0,46.281,46.937,47.187
2025-04-22 02:20:40,54,61,56,56,0.0,46.531,46.687,47.406
2025-04-22 02:20:52,57,60,62,53,0.0,46.406,46.906,47.156
2025-04-22 02:21:04,61,56,53,53,0.0,46.25,46.875,47.687
2025-04-22 02:21:15,58,53,61,56,60.4,46.312,46.656,47.343
2025-04-22 02:21:26,53,59,53,52,0.0,46.375,46.468,47.156
2025-04-22 02:21:37,57,49,59,63,33.5,46.312,47.062,47.062
2025-04-22 02:21:48,63,58,56,58,0.0,46.218,46.687,47.562
2025-04-22 02:22:01,72,52,54,53,56.7,46.437,46.562,47.125
2025-04-22 02:22:12,44,36,53,52,0.0,46.312,46.593,47.656
2025-04-22 02:22:23,61,51,46,47,0.0,46.218,46.906,47.218
2025-04-22 02:22:34,57,52,61,62,0.0,46.218,46.687,47.343
2025-04-22 02:22:45,54,62,56,65,25.5,46.218,47.156,47.125
2025-04-22 02:22:56,58,57,57,64,0.0,46.25,47.031,47.375
2025-04-22 02:23:08,62,64,54,54,0.0,46.187,46.812,47.156
2025-04-22 02:23:19,64,64,79,65,0.0,46.343,47.281,47.468
2025-04-22 02:23:30,65,51,56,67,7.4,46.312,46.687,47.187
2025-04-22 02:23:41,61,56,50,57,0.0,46.156,47.031,47.187
2025-04-22 02:23:53,60,49,40,51,35.2,46.25,46.562,47.281
2025-04-22 02:24:06,57,51,55,50,0.0,46.437,46.312,47.312
2025-04-22 02:24:17,60,57,48,61,47.6,46.312,46.625,47.343
2025-04-22 02:24:28,66,64,54,56,0.0,46.343,46.843,47.468
2025-04-22 02:24:40,54,61,58,53,0.0,46.25,46.656,47.312
2025-04-22 02:24:50,60,62,58,55,0.0,46.281,46.843,47.218
2025-04-22 02:25:02,49,59,34,53,0.0,46.25,46.937,47.562
2025-04-22 02:25:14,59,53,56,57,38.6,46.375,46.843,47.25
2025-04-22 02:25:25,63,55,51,57,0.0,46.281,46.593,47.125
2025-04-22 02:25:37,67,61,51,53,0.0,46.406,46.531,47.406
2025-04-22 02:25:49,57,53,63,57,57.6,46.375,46.718,47.562
2025-04-22 02:26:00,68,63,74,58,0.0,46.218,46.718,47.312
2025-04-22 02:26:12,58,61,62,59,0.0,46.375,46.343,47.25
2025-04-22 02:26:22,62,62,60,62,0.0,46.312,46.75,47.656
2025-04-22 02:26:33,53,55,54,52,0.0,46.343,46.906,47.187
2025-04-22 02:26:45,63,53,54,58,0.0,46.406,46.781,47.218
2025-04-22 02:26:57,56,57,63,56,0.0,46.281,46.625,47.531
2025-04-22 02:27:07,60,53,60,54,0.0,46.218,47.062,47.218
2025-04-22 02:27:19,63,55,54,52,0.0,46.156,46.75,47.375
2025-04-22 02:27:30,63,59,54,61,0.0,46.312,46.75,47.281
2025-04-22 02:27:43,65,48,50,41,0.0,46.343,46.687,47.625
2025-04-22 02:27:55,58,65,59,57,0.0,46.437,46.531,47.312
2025-04-22 02:28:08,66,51,55,56,0.0,46.281,46.718,47.718
2025-04-22 02:28:19,69,58,56,57,61.3,46.312,46.531,47.562
2025-04-22 02:28:30,64,65,63,71,0.0,46.468,46.968,47.687
2025-04-22 02:28:45,60,57,57,57,47.4,46.218,46.718,47.281
2025-04-22 02:28:56,57,56,54,57,0.0,46.343,46.656,47.281
2025-04-22 02:29:07,57,57,55,53,7.1,46.437,47.0,47.5
2025-04-22 02:29:20,54,59,53,59,0.0,46.312,46.656,47.687
2025-04-22 02:29:33,44,51,45,60,57.1,46.343,46.75,47.343
2025-04-22 02:29:45,54,57,54,53,0.0,46.312,46.625,47.468
2025-04-22 02:29:56,64,50,50,41,24.8,46.5,46.75,47.218
2025-04-22 02:30:07,49,69,49,47,0.0,46.406,46.968,47.406
2025-04-22 02:30:19,54,57,63,58,0.0,46.437,47.062,47.593
2025-04-22 02:30:30,59,58,53,54,0.0,46.187,46.718,47.406
2025-04-22 02:30:42,61,58,62,62,0.0,46.281,46.687,47.187
2025-04-22 02:30:53,58,57,59,54,17.3,46.406,46.937,47.281
2025-04-22 02:31:04,64,55,51,51,0.0,46.343,46.875,47.25
2025-04-22 02:31:17,64,56,67,57,0.0,46.375,46.656,47.375
2025-04-22 02:31:29,66,58,57,54,0.0,46.281,46.875,47.562
2025-04-22 02:31:41,60,60,75,55,0.0,46.25,46.875,47.656
2025-04-22 02:31:53,50,54,53,60,0.0,46.343,47.031,47.5
2025-04-22 02:32:05,60,59,54,62,1.4,46.281,46.812,47.187
2025-04-22 02:32:20,61,61,56,66,0.0,46.25,46.75,47.25
2025-04-22 02:32:31,63,56,59,66,0.0,46.218,46.812,47.593
2025-04-22 02:32:42,60,57,54,55,0.0,46.218,46.843,47.375
2025-04-22 02:32:56,61,67,47,49,0.0,46.343,46.593,47.343
2025-04-22 02:33:08,52,44,52,45,0.0,46.281,46.718,47.187
2025-04-22 02:33:21,58,55,59,55,7.8,46.187,46.718,47.406
2025-04-22 02:33:32,57,58,66,55,0.0,46.375,47.062,47.593
2025-04-22 02:33:46,58,62,49,61,0.0,46.312,46.906,47.406
2025-04-22 02:33:58,51,48,48,66,0.0,46.343,46.843,47.343
2025-04-22 02:34:10,60,55,55,59,0.0,46.25,46.718,47.218
2025-04-22 02:34:22,59,51,57,53,0.0,46.218,47.031,47.25
2025-04-22 02:34:33,64,53,58,55,0.0,46.312,46.75,47.125
2025-04-22 02:34:45,48,67,57,55,54.0,46.25,46.656,47.437
2025-04-22 02:35:00,67,60,66,62,0.0,46.156,46.718,47.218
2025-04-22 02:35:12,67,60,71,60,0.0,46.156,47.031,47.312
2025-04-22 02:35:25,61,53,49,62,26.3,46.218,46.875,47.406
2025-04-22 02:35:39,43,60,49,58,0.0,46.187,46.906,47.437
2025-04-22 02:35:53,56,46,58,56,45.9,46.187,46.687,47.406
2025-04-22 02:36:06,55,57,59,51,0.0,46.156,47.031,47.343
2025-04-22 02:36:18,58,57,67,59,0.0,46.25,46.75,47.375
2025-04-22 02:36:31,42,50,65,42,0.0,46.187,46.937,47.343
2025-04-22 02:36:45,59,59,58,70,48.2,46.312,47.093,47.343
2025-04-22 02:37:00,57,59,57,64,0.0,46.187,47.0,47.218
2025-04-22 02:37:13,72,71,55,57,0.0,46.218,46.968,47.343
2025-04-22 02:37:28,60,58,58,63,0.0,46.406,46.968,47.25
2025-04-22 02:37:42,64,60,62,55,0.0,46.406,46.75,47.406
2025-04-22 02:37:55,60,58,65,62,0.0,46.156,47.062,47.156
2025-04-22 02:38:09,60,50,51,56,0.0,46.187,47.093,47.156
2025-04-22 02:38:23,57,54,49,64,0.0,46.375,46.812,47.375
2025-04-22 02:38:40,70,62,67,64,0.0,46.5,46.718,47.5
2025-04-22 02:38:54,57,45,55,54,0.0,46.218,46.593,47.562
2025-04-22 02:39:08,58,56,64,54,0.0,46.375,46.843,47.125
2025-04-22 02:39:24,50,45,58,49,0.0,46.312,47.031,47.125
2025-04-22 02:39:39,52,52,64,44,0.0,46.437,46.656,47.187
2025-04-22 02:39:52,66,58,62,54,0.0,46.218,46.906,47.531
2025-04-22 02:40:06,51,60,50,55,31.3,46.406,47.093,47.625
2025-04-22 02:40:21,52,47,42,64,0.0,46.218,46.531,47.281
2025-04-22 02:40:32,64,40,59,56,7.1,46.406,46.843,47.281
2025-04-22 02:40:45,55,48,58,58,0.0,46.468,46.687,47.25
2025-04-22 02:40:58,57,58,58,51,0.0,46.375,47.062,47.437
2025-04-22 02:41:12,66,59,54,54,42.2,46.218,46.562,47.125
2025-04-22 02:41:27,54,58,56,69,56.0,46.281,47.093,47.562
2025-04-22 02:41:38,53,52,54,49,48.0,46.281,46.812,47.218
2025-04-22 02:41:55,66,71,66,66,0.0,46.218,46.875,47.187
2025-04-22 02:42:07,58,60,57,64,0.0,46.25,47.093,47.312
2025-04-22 02:42:20,71,49,50,47,26.8,46.25,46.75,47.25
2025-04-22 02:42:32,45,48,52,42,0.0,46.25,46.968,47.343
2025-04-22 02:42:45,61,58,50,55,0.0,46.125,46.812,47.593
2025-04-22 02:42:58,64,51,52,56,39.1,46.281,46.687,47.312
2025-04-22 02:43:14,47,51,50,62,0.0,46.343,47.062,47.281
2025-04-22 02:43:28,53,47,47,60,0.0,46.187,46.656,47.156
2025-04-22 02:43:41,58,52,64,55,19.3,46.218,46.781,47.437
2025-04-22 02:43:56,46,55,52,55,0.0,46.375,46.937,47.25
2025-04-22 02:44:10,57,49,45,48,0.0,46.25,46.812,47.312
2025-04-22 02:44:24,59,59,49,54,7.7,46.281,46.656,47.187
2025-04-22 02:44:37,60,60,57,54,0.0,46.281,47.343,47.187
2025-04-22 02:44:50,54,58,53,62,0.0,46.406,46.875,47.281
2025-04-22 02:45:03,54,58,51,62,0.0,46.25,46.812,47.125
2025-04-22 02:45:16,59,48,53,62,0.0,46.437,46.812,47.25
2025-04-22 02:45:31,47,43,45,63,0.0,46.218,46.75,47.25
2025-04-22 02:45:45,58,49,53,59,0.0,46.218,46.75,47.218
2025-04-22 02:45:58,59,55,60,57,0.0,46.437,46.75,47.343
2025-04-22 02:46:11,54,48,61,60,26.5,46.187,47.0,47.281
2025-04-22 02:46:25,56,59,61,60,14.2,46.406,46.718,47.156
2025-04-22 02:46:38,55,42,55,54,10.8,46.156,46.593,47.187
2025-04-22 02:46:52,67,69,61,77,8.4,46.343,46.812,47.406
2025-04-22 02:47:07,63,44,61,54,0.0,46.25,46.781,47.218
2025-04-22 02:47:20,49,55,51,58,0.0,46.406,46.875,47.25
2025-04-22 02:47:34,64,55,62,50,30.8,46.25,46.75,47.343
2025-04-22 02:47:50,53,55,61,62,55.5,46.375,47.062,47.531
2025-04-22 02:48:04,46,47,64,46,35.0,46.312,46.781,47.218
2025-04-22 02:48:18,54,58,60,67,10.9,46.312,46.718,47.562
2025-04-22 02:48:33,68,49,49,57,55.4,46.375,46.656,47.281
2025-04-22 02:48:47,72,61,59,58,0.0,46.25,46.75,47.312
2025-04-22 02:48:58,43,56,49,54,0.0,46.187,46.75,47.406
2025-04-22 02:49:11,53,56,58,54,0.0,46.25,46.75,47.218
2025-04-22 02:49:24,56,57,56,50,0.0,46.312,46.75,47.5
2025-04-22 02:49:36,62,56,57,51,0.0,46.156,46.75,47.5
2025-04-22 02:49:48,53,68,53,59,0.0,46.25,46.843,47.25
2025-04-22 02:50:00,49,68,46,58,14.9,46.187,46.968,47.25
2025-04-22 02:50:14,52,68,50,64,49.6,46.312,46.968,47.343
2025-04-22 02:50:29,57,58,56,60,42.6,46.343,46.875,47.156
2025-04-22 02:50:43,59,51,54,57,0.0,46.218,46.875,47.343
2025-04-22 02:50:56,68,58,56,61,0.0,46.25,46.875,47.281
2025-04-22 02:51:08,65,53,59,55,5.1,46.218,46.718,47.187
2025-04-22 02:51:20,49,46,44,66,23.3,46.25,46.625,47.125
2025-04-22 02:51:32,69,47,55,48,17.5,46.312,46.968,47.125
2025-04-22 02:51:46,65,66,67,65,0.0,46.281,46.875,47.218
2025-04-22 02:52:00,48,45,41,72,0.0,46.281,46.812,47.656
2025-04-22 02:52:15,58,57,55,60,0.0,46.281,47.093,47.281
2025-04-22 02:52:27,55,63,52,57,0.0,46.156,46.937,47.218
2025-04-22 02:52:40,43,62,49,52,18.0,46.312,46.625,47.343
2025-04-22 02:52:51,63,58,49,65,0.0,46.156,46.687,47.156
2025-04-22 02:53:04,61,48,63,47,0.0,46.187,46.875,47.156
2025-04-22 02:53:17,56,62,55,53,25.2,46.343,46.187,47.437
2025-04-22 02:53:33,54,62,53,58,0.0,46.281,46.843,47.562
2025-04-22 02:53:46,63,51,64,54,52.3,46.312,46.625,47.125
2025-04-22 02:53:57,62,58,65,58,40.2,46.218,46.812,47.281
2025-04-22 02:54:15,64,59,56,59,18.6,46.281,46.937,47.25
2025-04-22 02:54:27,60,52,57,43,19.0,46.156,46.625,47.093
2025-04-22 02:54:41,63,48,49,57,0.0,46.156,46.843,47.125
2025-04-22 02:54:55,64,57,65,63,0.0,46.187,46.562,47.343
2025-04-22 02:55:08,63,58,64,66,0.0,46.187,47.062,47.062
2025-04-22 02:55:20,58,52,53,60,13.3,46.25,46.687,47.156
2025-04-22 02:55:33,69,49,49,58,0.0,46.156,47.062,47.343
2025-04-22 02:55:47,62,54,61,64,0.0,46.281,47.062,47.218
2025-04-22 02:56:02,62,58,58,59,0.0,46.312,46.781,47.218
2025-04-22 02:56:15,54,59,63,71,11.7,46.125,46.656,47.375
2025-04-22 02:56:30,58,61,60,54,8.1,46.125,46.593,47.125
2025-04-22 02:56:42,50,59,58,67,0.0,46.156,46.437,47.187
2025-04-22 02:56:56,68,58,49,47,16.3,46.062,46.843,47.281
2025-04-22 02:57:10,62,63,64,64,0.0,46.25,46.718,47.187
2025-04-22 02:57:22,68,47,58,56,1.9,46.375,46.5,47.25
2025-04-22 02:57:33,55,54,49,55,57.4,46.125,46.718,47.281
2025-04-22 02:57:46,57,61,62,48,0.0,46.093,46.687,47.437
2025-04-22 02:58:00,61,57,52,60,0.0,46.312,46.593,47.312
2025-04-22 02:58:14,66,50,54,57,32.9,46.218,46.593,47.406
2025-04-22 02:58:27,53,59,50,60,32.8,46.125,46.625,47.281
2025-04-22 02:58:39,55,47,53,65,0.0,46.156,47.156,47.093
2025-04-22 02:58:53,57,70,60,50,0.0,46.406,46.593,47.25
2025-04-22 02:59:06,46,56,59,57,61.4,46.156,47.031,47.562
2025-04-22 02:59:18,58,63,58,54,0.0,46.187,46.562,47.125
2025-04-22 02:59:30,61,69,64,67,7.9,46.281,46.781,47.031
2025-04-22 02:59:43,62,45,54,57,59.8,46.281,46.625,47.093
2025-04-22 02:59:55,66,53,59,55,0.0,46.156,46.593,47.093
2025-04-22 03:00:08,66,47,64,53,32.4,46.187,46.718,47.218
2025-04-22 03:00:21,61,60,51,65,0.0,46.187,47.062,47.093
2025-04-22 03:00:33,60,62,56,56,20.5,46.25,46.781,47.343
2025-04-22 03:00:45,60,60,48,53,0.0,46.156,46.781,47.093
2025-04-22 03:00:58,62,58,60,54,0.0,46.187,46.75,47.562
2025-04-22 03:01:12,59,56,54,58,0.0,46.312,47.062,47.531
2025-04-22 03:01:25,55,52,68,49,0.0,46.25,46.593,47.093
2025-04-22 03:01:37,55,56,54,65,4.8,46.218,46.843,47.312
2025-04-22 03:01:49,61,59,52,52,9.7,46.218,46.843,47.25
2025-04-22 03:02:01,63,71,64,51,0.0,46.437,46.968,47.343
2025-04-22 03:02:15,73,49,56,49,0.0,46.343,46.562,47.343
2025-04-22 03:02:28,53,55,53,66,0.0,46.562,46.781,47.593
2025-04-22 03:02:40,56,48,60,62,7.5,46.312,46.656,47.312
2025-04-22 03:02:54,57,52,51,58,0.0,46.375,46.781,47.187
2025-04-22 03:03:06,55,54,60,58,0.0,46.343,46.593,47.593
2025-04-22 03:03:18,68,50,57,55,0.0,46.218,46.687,47.125
2025-04-22 03:03:30,56,48,63,55,0.0,46.375,46.937,47.218
2025-04-22 03:03:44,54,59,52,45,1.8,46.25,46.75,47.625
2025-04-22 03:03:56,56,58,52,54,0.0,46.187,46.937,47.312
2025-04-22 03:04:09,55,53,54,54,0.0,46.125,47.125,47.062
2025-04-22 03:04:21,59,57,65,67,38.7,46.343,47.25,47.156
2025-04-22 03:04:33,60,57,66,40,19.4,46.375,46.656,47.281
2025-04-22 03:04:46,56,53,59,60,33.4,46.218,46.687,47.406
2025-04-22 03:04:57,56,55,57,63,0.0,46.218,46.625,47.531
2025-04-22 03:05:09,56,67,54,60,34.0,46.437,46.75,47.25
2025-04-22 03:05:22,70,60,70,59,7.6,46.281,47.125,47.375
2025-04-22 03:05:34,59,67,58,69,33.7,46.468,47.031,47.25
2025-04-22 03:05:46,51,53,47,56,0.0,46.312,46.875,47.312
2025-04-22 03:05:59,51,58,47,59,0.0,46.218,47.031,47.25
2025-04-22 03:06:12,59,55,56,57,7.9,46.281,46.906,47.218
2025-04-22 03:06:24,66,57,54,68,0.0,46.187,46.625,47.562
2025-04-22 03:06:36,53,53,50,52,39.8,46.156,46.656,47.218
2025-04-22 03:06:50,61,58,56,52,0.0,46.187,46.593,47.187
2025-04-22 03:07:02,71,57,60,60,0.0,46.25,46.5,47.343
2025-04-22 03:07:15,57,59,64,60,0.0,46.375,46.718,47.218
2025-04-22 03:07:29,69,55,55,58,0.0,46.531,47.062,47.468
2025-04-22 03:07:42,55,50,55,69,45.7,46.187,46.718,47.156
2025-04-22 03:07:53,68,50,59,53,16.4,46.343,46.781,47.437
2025-04-22 03:08:09,60,63,59,59,0.0,46.312,46.843,47.343
2025-04-22 03:08:22,66,51,68,47,42.8,46.281,46.593,47.187
2025-04-22 03:08:33,54,43,59,55,0.0,46.187,46.843,47.375
2025-04-22 03:08:46,62,52,59,62,0.0,46.375,46.937,47.281
2025-04-22 03:09:00,65,58,51,49,0.0,46.406,46.656,47.312
2025-04-22 03:09:11,57,54,57,56,0.0,46.343,46.562,47.281
2025-04-22 03:09:23,62,52,49,58,0.0,46.25,46.843,47.218
2025-04-22 03:09:36,57,68,65,57,9.2,46.25,47.125,47.5
2025-04-22 03:09:48,63,50,46,61,7.8,46.437,46.812,47.375
2025-04-22 03:10:00,59,54,58,52,9.5,46.25,46.875,47.625
2025-04-22 03:10:14,61,63,55,59,0.0,46.25,46.968,47.312
2025-04-22 03:10:26,56,67,54,48,0.0,46.406,46.968,47.187
2025-04-22 03:10:38,68,61,61,68,6.9,46.375,46.937,47.281
2025-04-22 03:10:49,63,59,58,59,0.0,46.25,47.031,47.75
2025-04-22 03:11:01,53,42,51,67,6.9,46.281,46.625,47.25
2025-04-22 03:11:14,51,54,62,56,0.0,46.312,46.718,47.656
2025-04-22 03:11:25,54,58,66,60,0.0,46.343,47.031,47.343
2025-04-22 03:11:38,55,49,61,65,0.0,46.25,47.062,47.156
2025-04-22 03:11:51,61,50,58,55,0.0,46.25,46.781,47.437
2025-04-22 03:12:03,53,59,64,53,0.0,46.312,47.062,47.406
2025-04-22 03:12:15,53,69,55,59,0.0,46.218,47.062,47.187
2025-04-22 03:12:28,49,44,48,64,0.0,46.406,47.218,47.312
2025-04-22 03:12:43,59,58,67,55,54.2,46.343,47.062,47.125
2025-04-22 03:12:58,55,59,61,66,0.0,46.343,46.812,47.312
2025-04-22 03:13:11,64,57,56,53,8.7,46.187,46.875,47.531
2025-04-22 03:13:22,68,52,45,63,0.0,46.218,46.75,47.375
2025-04-22 03:13:35,53,61,57,59,1.9,46.312,47.062,47.343
2025-04-22 03:13:48,61,65,53,59,0.0,46.312,46.875,47.156
2025-04-22 03:14:00,64,56,49,56,0.0,46.281,47.0,47.281
2025-04-22 03:14:12,65,60,58,59,17.1,46.25,47.062,47.5
2025-04-22 03:14:24,54,60,59,54,0.0,46.437,46.718,47.5
2025-04-22 03:14:37,70,47,59,56,0.0,46.187,46.5,47.343
2025-04-22 03:14:48,59,62,68,74,0.0,46.25,46.625,47.218
2025-04-22 03:15:01,51,52,58,61,0.0,46.312,47.187,47.5
2025-04-22 03:15:14,62,66,49,64,38.0,46.375,46.968,47.625
2025-04-22 03:15:26,66,57,53,56,0.0,46.437,46.718,47.343
2025-04-22 03:15:38,59,54,55,53,0.0,46.312,46.718,47.125
2025-04-22 03:15:50,63,62,47,58,0.0,46.25,46.781,47.187
2025-04-22 03:16:04,60,70,62,58,0.0,46.281,46.781,47.187
2025-04-22 03:16:16,58,63,51,53,0.0,46.375,46.718,47.625
2025-04-22 03:16:28,55,59,56,64,40.8,46.312,46.718,47.187
2025-04-22 03:16:40,52,51,62,61,0.0,46.343,46.843,47.312
2025-04-22 03:16:52,55,67,54,50,0.0,46.187,47.0,47.468
2025-04-22 03:17:05,72,61,69,76,0.0,46.312,47.062,47.25
2025-04-22 03:17:19,61,53,60,57,0.0,46.281,46.562,47.156
2025-04-22 03:17:31,48,63,54,49,31.0,46.375,46.906,47.312
2025-04-22 03:17:44,48,58,47,55,0.0,46.281,47.031,47.218
2025-04-22 03:17:58,67,57,69,56,39.5,46.218,47.375,47.218
2025-04-22 03:18:15,63,57,49,73,25.5,46.218,46.687,47.656
2025-04-22 03:18:27,66,53,46,55,0.0,46.281,46.781,47.343
2025-04-22 03:18:39,56,66,61,69,11.0,46.25,47.156,47.375
2025-04-22 03:18:51,54,70,59,53,10.5,46.312,47.062,47.25
2025-04-22 03:19:04,44,52,54,56,9.6,46.406,46.906,47.468
2025-04-22 03:19:17,57,65,55,66,0.0,46.281,46.812,47.375
2025-04-22 03:19:29,54,54,66,62,29.8,46.375,46.625,47.187
2025-04-22 03:19:41,61,53,65,55,42.9,46.375,46.875,47.5
2025-04-22 03:19:54,60,67,50,63,0.0,46.312,47.031,47.25
2025-04-22 03:20:06,63,57,59,49,0.0,46.281,46.937,47.531
2025-04-22 03:20:18,66,53,68,54,35.7,46.281,46.687,47.281
2025-04-22 03:20:30,61,65,72,72,0.0,46.25,47.062,47.343
2025-04-22 03:20:42,62,52,59,60,0.0,46.218,46.687,47.125
2025-04-22 03:20:55,50,65,61,52,0.0,46.281,46.718,47.25
2025-04-22 03:21:07,56,65,55,50,0.0,46.281,46.781,47.531
2025-04-22 03:21:19,74,56,52,54,16.6,46.437,47.062,47.156
2025-04-22 03:21:31,69,53,52,59,0.0,46.343,46.937,47.375
2025-04-22 03:21:43,59,57,55,58,0.0,46.25,46.718,47.312
2025-04-22 03:21:55,60,66,57,53,7.0,46.437,46.75,47.406
2025-04-22 03:22:07,68,54,56,55,0.0,46.25,46.718,47.687
2025-04-22 03:22:19,57,60,57,63,0.0,46.312,46.937,47.75
2025-04-22 03:22:31,66,53,52,49,0.0,46.25,47.125,47.312
2025-04-22 03:22:43,60,63,58,60,7.7,46.218,46.906,47.312
2025-04-22 03:22:55,55,51,60,57,0.0,46.281,46.812,47.281
2025-04-22 03:23:07,64,80,74,57,8.3,46.25,47.125,47.25
2025-04-22 03:23:21,64,64,61,67,14.4,46.312,47.062,47.312
2025-04-22 03:23:35,53,65,67,56,0.0,46.281,46.75,47.312
2025-04-22 03:23:47,50,54,49,51,8.0,46.25,47.0,47.468
2025-04-22 03:24:01,61,62,60,51,33.2,46.343,46.812,47.187
2025-04-22 03:24:12,55,63,59,64,0.0,46.312,46.968,47.5
2025-04-22 03:24:24,57,58,57,67,57.8,46.343,46.687,47.218
2025-04-22 03:24:36,64,62,61,69,0.0,46.187,47.187,47.25
2025-04-22 03:24:48,57,65,60,54,59.5,46.25,46.562,47.093
2025-04-22 03:25:01,64,61,55,48,5.0,46.25,46.75,47.25
2025-04-22 03:25:12,56,56,64,53,0.0,46.218,47.218,47.343
2025-04-22 03:25:24,59,67,74,57,0.0,46.187,47.062,47.531
2025-04-22 03:25:36,60,48,51,64,0.0,46.468,46.968,47.406
2025-04-22 03:25:49,60,50,51,63,0.0,46.375,46.875,47.687
2025-04-22 03:26:01,60,52,73,66,7.3,46.343,46.781,47.468
2025-04-22 03:26:12,57,53,73,55,16.1,46.343,47.062,47.375
2025-04-22 03:26:26,60,52,49,58,31.2,46.281,47.062,47.625
2025-04-22 03:26:39,63,54,65,55,0.0,46.312,46.812,47.343
2025-04-22 03:26:53,68,50,54,67,1.9,46.406,46.812,47.531
2025-04-22 03:27:05,72,49,58,50,0.0,46.25,47.125,47.25
2025-04-22 03:27:18,56,57,53,56,10.6,46.187,46.812,47.25
2025-04-22 03:27:31,67,72,69,62,41.1,46.281,47.0,47.5
2025-04-22 03:27:44,58,62,68,61,0.0,46.5,46.906,47.625
2025-04-22 03:27:55,67,66,50,50,0.0,46.312,46.812,47.343
2025-04-22 03:28:08,56,57,55,49,8.2,46.312,46.531,47.406
2025-04-22 03:28:20,61,70,70,53,29.6,46.25,46.75,47.5
2025-04-22 03:28:32,61,52,65,63,0.0,46.187,46.812,47.343
2025-04-22 03:28:44,71,60,63,70,6.9,46.218,46.656,47.343
2025-04-22 03:28:57,56,60,58,51,0.0,46.437,46.781,47.437
2025-04-22 03:29:11,58,68,56,67,0.0,46.187,46.843,47.343
2025-04-22 03:29:23,54,57,60,59,0.0,46.343,47.187,47.343
2025-04-22 03:29:35,65,79,54,70,10.6,46.468,47.062,47.343
2025-04-22 03:29:47,71,49,52,51,7.5,46.218,46.812,47.25
2025-04-22 03:30:00,58,63,59,61,36.0,46.218,46.718,47.437
2025-04-22 03:30:13,68,64,60,54,0.0,46.531,46.625,47.187
2025-04-22 03:30:25,68,71,60,67,7.5,46.406,46.687,47.343
2025-04-22 03:30:37,66,59,62,61,0.0,46.218,47.062,47.531
2025-04-22 03:30:51,57,63,64,55,0.0,46.281,46.75,47.187
2025-04-22 03:31:03,54,51,63,71,0.0,46.375,47.312,47.281
2025-04-22 03:31:15,65,67,61,54,57.3,46.187,46.875,47.562
2025-04-22 03:31:28,69,57,65,61,10.4,46.25,46.781,47.437
2025-04-22 03:31:40,68,53,57,60,37.1,46.312,46.781,47.218
2025-04-22 03:31:53,64,63,64,64,54.9,46.312,46.906,47.718
2025-04-22 03:32:05,55,55,54,70,0.0,46.343,47.0,47.5
2025-04-22 03:32:19,60,58,63,69,58.6,46.25,46.843,47.25
2025-04-22 03:32:31,68,57,56,54,7.4,46.25,46.968,47.125
2025-04-22 03:32:44,63,58,66,53,0.0,46.218,47.0,47.562
2025-04-22 03:32:57,68,67,63,74,39.8,46.312,47.0,47.312
2025-04-22 03:33:09,60,62,70,60,29.6,46.25,47.062,47.406
2025-04-22 03:33:21,61,63,60,64,7.5,46.468,46.843,47.25
2025-04-22 03:33:33,66,69,75,66,0.0,46.468,47.156,47.343
2025-04-22 03:33:46,53,54,61,55,16.0,46.25,46.875,47.187
2025-04-22 03:33:58,64,63,66,60,0.0,46.468,46.718,47.218
2025-04-22 03:34:10,66,61,56,63,62.2,46.281,46.781,47.156
2025-04-22 03:34:22,70,60,67,57,51.5,46.218,47.0,47.281
2025-04-22 03:34:35,58,72,79,64,7.6,46.312,47.218,47.343
2025-04-22 03:34:47,68,66,75,69,0.0,46.343,46.843,47.343
2025-04-22 03:35:00,58,62,62,67,7.2,46.312,46.875,47.406
2025-04-22 03:35:12,61,75,58,64,0.0,46.312,47.156,47.656
2025-04-22 03:35:26,58,58,68,59,50.8,46.437,47.031,47.312
2025-04-22 03:35:38,58,59,64,63,57.3,46.406,47.031,47.593
2025-04-22 03:35:51,64,53,61,62,0.0,46.25,46.843,47.343
2025-04-22 03:36:03,57,61,59,61,4.6,46.25,46.906,47.25
2025-04-22 03:36:15,72,63,60,60,0.0,46.375,46.906,47.218
2025-04-22 03:36:28,62,69,56,65,21.2,46.343,47.125,47.375
2025-04-22 03:36:40,57,63,57,60,0.0,46.312,46.718,47.312
2025-04-22 03:36:53,67,72,61,57,57.1,46.437,47.312,47.25
2025-04-22 03:37:06,65,86,54,64,0.0,46.375,46.781,47.343
2025-04-22 03:37:19,61,70,51,57,59.6,46.25,46.812,47.343
2025-04-22 03:37:32,56,55,60,68,1.3,46.218,46.718,47.343
2025-04-22 03:37:44,60,58,57,60,25.4,46.218,47.062,47.375
2025-04-22 03:37:58,68,61,64,59,0.0,46.281,46.906,47.218
2025-04-22 03:38:10,62,74,61,61,15.7,46.25,47.0,47.25
2025-04-22 03:38:22,68,64,60,61,7.4,46.312,46.937,47.593
2025-04-22 03:38:37,68,59,64,62,60.7,46.187,46.718,47.187
2025-04-22 03:38:50,58,74,64,65,9.7,46.218,47.0,47.5
2025-04-22 03:39:02,71,73,61,68,0.0,46.375,46.843,47.625
2025-04-22 03:39:15,66,56,65,64,7.8,46.468,46.875,47.312
2025-04-22 03:39:27,65,58,56,62,0.0,46.281,46.593,47.343
2025-04-22 03:39:39,72,60,63,64,0.0,46.468,46.812,47.468
2025-04-22 03:39:55,65,69,64,65,0.0,46.25,46.812,47.5
2025-04-22 03:40:08,75,69,72,74,0.0,46.5,47.062,47.406
2025-04-22 03:40:22,61,59,65,55,0.0,46.343,46.906,47.437
2025-04-22 03:40:33,70,61,70,60,40.5,46.218,46.937,47.25
2025-04-22 03:40:46,60,58,70,56,36.8,46.25,47.187,47.625
2025-04-22 03:40:59,69,55,60,79,0.0,46.437,46.968,47.437
2025-04-22 03:41:11,66,63,54,54,42.9,46.406,47.0,47.218
2025-04-22 03:41:23,68,66,48,54,0.0,46.281,47.031,47.687
2025-04-22 03:41:36,64,59,57,65,51.2,46.25,46.843,47.5
2025-04-22 03:41:49,68,57,58,70,5.5,46.406,47.156,47.312
2025-04-22 03:42:02,64,61,60,64,41.6,46.218,46.968,47.593
2025-04-22 03:42:16,61,59,64,65,0.0,46.375,47.312,47.218
2025-04-22 03:42:32,83,74,73,80,0.0,46.218,47.156,47.531
2025-04-22 03:42:43,72,64,59,55,30.1,46.218,47.156,47.625
2025-04-22 03:42:57,61,76,60,60,0.0,46.437,46.718,47.343
2025-04-22 03:43:09,59,61,61,56,40.0,46.406,46.656,47.75
2025-04-22 03:43:22,55,57,67,60,0.0,46.281,46.75,47.125
2025-04-22 03:43:34,68,71,55,56,57.4,46.468,46.875,47.343
2025-04-22 03:43:47,62,62,57,56,52.4,46.343,46.875,47.468
2025-04-22 03:44:01,69,67,62,59,0.0,46.375,46.843,47.562
2025-04-22 03:44:15,66,68,64,69,0.0,46.218,47.187,47.437
2025-04-22 03:44:33,85,65,62,68,36.0,46.218,47.156,47.281
2025-04-22 03:44:45,64,61,56,59,0.0,46.156,46.718,47.218
2025-04-22 03:44:58,60,62,69,63,0.0,46.25,46.718,47.281
2025-04-22 03:45:10,62,65,59,53,42.5,46.406,46.781,47.25
2025-04-22 03:45:22,64,62,54,61,9.8,46.343,46.906,47.375
2025-04-22 03:45:36,59,66,68,63,0.0,46.468,47.0,47.25
2025-04-22 03:45:48,67,59,58,67,0.0,46.281,47.156,47.343
2025-04-22 03:46:02,62,63,65,65,11.4,46.25,47.125,47.343
2025-04-22 03:46:15,70,60,66,65,7.6,46.281,46.906,47.218
2025-04-22 03:46:27,61,56,65,70,7.5,46.281,46.968,47.281
2025-04-22 03:46:40,50,57,56,69,0.0,46.281,46.937,47.5
2025-04-22 03:46:53,56,60,68,62,4.8,46.187,46.718,47.343
2025-04-22 03:47:06,64,61,66,72,50.0,46.5,46.875,47.562
2025-04-22 03:47:18,68,57,66,58,40.6,46.312,46.843,47.343
2025-04-22 03:47:31,67,60,66,58,0.0,46.218,47.187,47.25
2025-04-22 03:47:44,67,63,69,66,0.0,46.406,46.593,47.375
2025-04-22 03:47:58,68,62,52,66,18.8,46.281,46.812,47.187
2025-04-22 03:48:11,63,60,64,58,25.2,46.375,46.812,47.281
2025-04-22 03:48:23,63,63,59,66,0.0,46.312,46.656,47.468
2025-04-22 03:48:39,64,69,72,73,0.0,46.218,47.031,47.281
2025-04-22 03:48:54,74,63,65,59,0.0,46.312,46.781,47.531
2025-04-22 03:49:06,58,53,80,56,0.0,46.281,47.187,47.531
2025-04-22 03:49:20,62,59,72,67,19.1,46.187,46.875,47.343
2025-04-22 03:49:32,66,75,61,65,0.0,46.5,47.031,47.187
2025-04-22 03:49:48,70,56,62,60,67.1,46.218,47.343,47.343
2025-04-22 03:50:01,58,65,65,63,9.0,46.187,46.812,47.343
2025-04-22 03:50:13,66,67,68,71,0.0,46.218,47.156,47.625
2025-04-22 03:50:26,58,62,63,69,0.0,46.218,47.062,47.343
2025-04-22 03:50:38,54,54,68,62,0.0,46.218,46.562,47.25
2025-04-22 03:50:50,69,65,61,62,5.5,46.312,46.968,47.218
2025-04-22 03:51:03,64,52,73,62,0.0,46.468,46.968,47.281
2025-04-22 03:51:15,62,66,67,62,0.0,46.312,47.062,47.468
2025-04-22 03:51:30,58,62,61,63,39.0,46.218,47.031,47.562
2025-04-22 03:51:42,73,74,68,64,0.0,46.437,47.031,47.25
2025-04-22 03:51:55,69,65,64,62,0.0,46.187,46.968,47.343
2025-04-22 03:52:09,61,64,63,58,0.0,46.312,47.0,47.281
2025-04-22 03:52:22,70,68,64,65,0.0,46.437,47.031,47.656
2025-04-22 03:52:37,68,63,59,61,0.0,46.187,46.75,47.25
2025-04-22 03:52:52,69,66,58,60,57.3,46.312,47.031,47.406
2025-04-22 03:53:06,56,64,66,64,53.9,46.281,46.687,47.312
2025-04-22 03:53:21,63,67,67,58,0.0,46.312,47.031,47.343
2025-04-22 03:53:33,69,74,68,67,0.0,46.375,47.25,47.343
2025-04-22 03:53:47,62,61,66,70,0.0,46.406,46.906,47.218
2025-04-22 03:54:01,63,54,68,65,0.0,46.187,46.968,47.625
2025-04-22 03:54:19,64,63,64,63,0.0,46.5,47.062,47.343
2025-04-22 03:54:32,66,61,60,65,0.0,46.375,47.312,47.656
2025-04-22 03:54:54,65,68,63,70,0.0,46.281,46.906,47.5
2025-04-22 03:55:07,64,72,69,68,0.0,46.156,47.062,47.375
2025-04-22 03:55:21,69,65,63,68,0.0,46.25,47.156,47.437
2025-04-22 03:55:37,64,60,70,62,0.0,46.531,47.031,47.312
2025-04-22 03:55:50,81,83,78,76,0.0,46.25,46.75,47.25
2025-04-22 03:56:13,76,77,74,76,0.0,46.343,47.218,47.781
2025-04-22 03:56:26,70,73,80,77,0.0,46.468,47.468,47.875
2025-04-22 03:56:45,80,80,80,74,0.0,46.468,47.125,47.812
2025-04-22 03:56:59,85,85,87,87,0.0,46.593,47.406,47.531
2025-04-22 03:57:12,74,74,74,77,0.0,46.937,47.562,47.5
2025-04-22 03:57:31,78,74,76,75,0.0,46.687,47.843,47.687
2025-04-22 03:57:44,81,76,77,70,0.0,46.75,47.5,47.781
2025-04-22 03:58:05,79,78,74,72,0.0,46.75,47.562,48.062
2025-04-22 03:58:17,79,78,75,70,0.0,46.968,47.843,47.656
2025-04-22 03:58:37,78,77,71,76,0.0,46.75,47.468,47.687
2025-04-22 03:58:58,84,86,62,74,0.0,46.968,47.562,47.812
2025-04-22 03:59:11,71,77,77,70,0.0,46.75,47.562,48.062
2025-04-22 03:59:28,82,83,80,86,0.0,46.906,47.468,47.812
2025-04-22 03:59:49,83,83,84,90,0.0,46.625,47.75,47.812
2025-04-22 04:00:10,81,71,74,86,0.0,46.75,47.562,48.031
2025-04-22 04:00:30,81,80,75,82,0.0,46.781,47.656,47.812
2025-04-22 04:00:44,79,77,79,81,0.0,46.843,47.593,48.125
2025-04-22 04:00:56,82,83,82,86,0.0,46.718,47.718,47.812
2025-04-22 04:01:18,73,69,79,78,0.0,46.781,47.875,47.812
2025-04-22 04:01:32,73,75,73,72,0.0,46.781,48.031,47.812
2025-04-22 04:01:58,77,80,75,82,0.0,46.718,47.781,47.718
2025-04-22 04:02:10,84,75,72,79,0.0,46.75,47.781,47.781
2025-04-22 04:02:32,73,72,71,77,0.0,46.781,47.593,47.812
2025-04-22 04:02:56,80,75,80,78,0.0,46.718,47.75,47.812
2025-04-22 04:03:11,71,77,66,74,0.0,46.781,47.562,47.937
2025-04-22 04:03:38,75,75,85,74,0.0,46.75,47.656,47.812
2025-04-22 04:03:53,74,72,80,80,0.0,46.843,47.625,47.843
2025-04-22 04:04:15,54,61,58,84,0.0,46.718,47.687,47.812
2025-04-22 04:04:41,74,91,83,71,0.0,46.718,47.562,47.781
2025-04-22 04:04:53,77,81,82,69,0.0,46.75,47.812,47.906
2025-04-22 04:05:19,73,77,68,72,0.0,46.937,47.812,47.75
2025-04-22 04:05:38,71,74,74,75,0.0,46.968,47.875,48.125
2025-04-22 04:05:51,70,75,68,67,0.0,46.718,47.531,47.812
2025-04-22 04:06:16,74,71,76,73,0.0,46.875,47.875,47.718
2025-04-22 04:06:40,80,75,74,78,0.0,46.781,47.906,47.843
2025-04-22 04:06:53,79,72,75,77,0.0,46.937,47.656,47.75
2025-04-22 04:07:13,78,54,67,60,0.0,46.812,47.968,47.812
2025-04-22 04:07:27,82,80,82,81,0.0,46.718,47.75,47.968
2025-04-22 04:07:41,77,75,81,82,0.0,46.812,47.625,47.75
2025-04-22 04:08:03,72,76,74,76,0.0,46.937,47.906,47.812
2025-04-22 04:08:22,76,79,75,71,0.0,46.937,48.125,47.843
2025-04-22 04:08:37,75,80,82,75,0.0,46.812,47.531,47.875
2025-04-22 04:08:52,74,70,77,77,0.0,46.937,47.593,48.187
2025-04-22 04:09:05,79,75,79,80,0.0,46.812,47.812,47.75
2025-04-22 04:09:27,73,79,73,70,0.0,46.718,47.781,48.156
2025-04-22 04:09:41,81,77,78,72,0.0,46.75,47.562,47.843
2025-04-22 04:10:07,74,77,74,70,0.0,46.75,47.75,48.062
2025-04-22 04:10:26,80,78,73,80,0.0,46.781,47.718,47.781
2025-04-22 04:10:41,80,79,79,76,0.0,46.781,47.562,47.718
2025-04-22 04:11:05,71,72,75,73,0.0,46.718,47.562,47.843
2025-04-22 04:11:18,74,74,74,77,0.0,46.75,47.687,47.937
2025-04-22 04:11:39,74,75,82,75,0.0,46.75,47.562,47.812
2025-04-22 04:11:53,83,85,77,76,0.0,46.781,47.531,47.812
2025-04-22 04:12:20,76,79,77,82,0.0,46.843,47.562,47.906
2025-04-22 04:12:33,81,73,76,82,0.0,46.781,47.875,48.031
2025-04-22 04:12:59,69,80,70,71,0.0,47.0,47.906,47.687
2025-04-22 04:13:13,60,65,69,66,0.0,46.75,46.906,48.031
2025-04-22 04:13:25,65,69,70,79,0.0,46.968,47.531,48.125
2025-04-22 04:13:50,78,77,79,79,0.0,46.75,47.687,47.75
2025-04-22 04:14:12,75,74,75,80,0.0,46.718,47.687,47.718
2025-04-22 04:14:26,84,76,79,86,0.0,46.718,47.562,48.156
2025-04-22 04:14:55,70,74,75,83,0.0,46.718,47.437,47.812
2025-04-22 04:15:07,79,75,79,78,0.0,46.75,47.5,47.718
2025-04-22 04:15:32,78,82,85,90,0.0,46.75,47.718,47.906
2025-04-22 04:15:48,80,66,67,77,6.4,46.718,47.625,47.843
2025-04-22 04:16:12,81,78,78,80,0.0,46.812,47.625,47.75
2025-04-22 04:16:25,72,75,80,80,0.0,46.625,47.468,47.687
2025-04-22 04:16:47,80,69,73,75,0.0,46.843,47.843,47.593
2025-04-22 04:17:01,74,72,74,71,0.0,46.656,48.0,47.875
2025-04-22 04:17:23,82,76,77,78,0.0,46.843,47.562,48.187
2025-04-22 04:17:37,85,79,86,86,0.0,46.906,47.531,47.812
2025-04-22 04:17:59,82,76,69,73,0.0,46.687,47.656,48.156
2025-04-22 04:18:18,72,78,70,79,0.0,46.906,47.531,47.781
2025-04-22 04:18:43,75,75,75,81,0.0,46.656,47.531,47.843
2025-04-22 04:18:57,77,69,76,81,0.0,46.906,47.75,47.843
2025-04-22 04:19:22,79,76,75,81,0.0,46.75,47.937,48.0
2025-04-22 04:19:47,72,75,74,75,0.0,46.687,47.718,47.875
2025-04-22 04:20:06,75,74,81,80,0.0,46.812,47.562,48.093
2025-04-22 04:20:27,70,72,82,78,0.0,46.875,47.843,47.812
2025-04-22 04:20:40,77,80,79,67,0.0,46.812,47.406,48.281
2025-04-22 04:21:07,77,77,78,77,0.0,46.781,47.625,47.718
2025-04-22 04:21:24,74,81,69,75,0.0,46.656,47.562,48.093
2025-04-22 04:21:54,77,81,79,80,0.0,46.75,47.75,47.875
2025-04-22 04:22:09,80,76,72,78,0.0,46.75,47.562,47.687
2025-04-22 04:22:39,72,69,77,72,0.0,46.781,47.5,47.968
2025-04-22 04:22:58,75,76,69,67,0.0,46.906,47.781,47.812
2025-04-22 04:23:11,81,76,78,76,33.8,46.656,47.625,47.718
2025-04-22 04:23:39,80,81,80,72,0.0,46.812,47.718,47.656
2025-04-22 04:24:03,75,78,70,79,0.0,46.687,48.062,47.812
2025-04-22 04:24:32,74,74,72,80,0.0,46.875,47.437,47.75
2025-04-22 04:24:57,80,78,75,75,0.0,46.656,47.625,47.75
2025-04-22 04:25:22,84,78,84,76,0.0,46.718,47.875,47.781
2025-04-22 04:25:42,78,82,83,78,0.0,46.75,47.5,47.812
2025-04-22 04:25:55,80,84,75,72,0.0,46.906,47.406,48.093
2025-04-22 04:26:13,81,89,90,82,0.0,46.843,47.812,47.812
2025-04-22 04:26:39,79,78,74,74,0.0,46.718,47.562,47.812
2025-04-22 04:27:04,83,79,73,80,0.0,46.718,47.687,47.906
2025-04-22 04:27:29,79,79,83,81,0.0,46.812,47.625,47.906
2025-04-22 04:27:57,79,74,79,79,0.0,46.906,47.875,48.187
2025-04-22 04:28:16,82,80,80,79,0.0,46.625,47.5,47.656
2025-04-22 04:28:45,76,77,79,80,0.0,46.843,47.843,47.843
2025-04-22 04:29:07,83,74,79,77,47.3,46.937,47.687,47.718
2025-04-22 04:29:33,82,87,87,84,0.0,46.687,47.687,47.812
2025-04-22 04:30:02,81,78,83,80,24.2,46.75,47.562,47.812
2025-04-22 04:30:15,69,71,69,79,0.0,46.781,47.562,47.687
2025-04-22 04:30:29,84,82,78,75,0.0,46.687,47.937,47.75
2025-04-22 04:30:53,79,86,76,83,0.0,46.812,47.625,47.656
2025-04-22 04:31:22,81,75,75,80,0.0,46.875,47.625,47.75
2025-04-22 04:31:35,82,80,77,83,0.0,46.781,47.468,47.812
2025-04-22 04:32:05,77,75,76,79,0.0,46.687,47.593,47.656
2025-04-22 04:32:32,71,67,84,72,0.0,46.937,47.656,47.687
2025-04-22 04:32:50,72,74,81,82,0.0,46.781,47.5,47.625
2025-04-22 04:33:16,76,76,69,75,42.2,46.75,47.562,47.781
2025-04-22 04:33:42,83,82,82,75,0.0,46.812,47.656,47.812
2025-04-22 04:34:06,79,76,75,78,0.0,46.875,47.531,48.062
2025-04-22 04:34:35,75,72,74,79,0.0,46.75,47.687,47.968
2025-04-22 04:34:53,80,73,83,84,0.0,46.812,47.687,47.812
2025-04-22 04:35:24,77,82,83,84,0.0,46.781,47.718,48.093
2025-04-22 04:35:37,80,73,75,84,0.0,46.875,47.437,47.687
2025-04-22 04:36:04,78,83,70,73,0.0,46.906,47.656,47.781
2025-04-22 04:36:28,78,71,78,77,0.0,46.843,47.687,47.687
2025-04-22 04:36:57,79,82,83,82,0.0,46.906,47.656,48.218
2025-04-22 04:37:29,77,78,80,66,0.0,46.687,47.687,47.656
2025-04-22 04:37:48,85,72,80,79,0.0,46.875,47.562,47.812
2025-04-22 04:38:09,72,74,81,76,0.0,46.812,47.843,47.875
2025-04-22 04:38:27,78,78,77,79,0.0,46.937,47.531,47.656
2025-04-22 04:38:56,66,71,72,81,0.0,46.781,47.656,47.968
2025-04-22 04:39:15,74,75,73,71,0.0,46.937,47.718,47.968
2025-04-22 04:39:42,75,77,73,80,0.0,46.656,47.531,47.75
2025-04-22 04:40:02,79,81,80,84,0.0,46.687,47.562,47.937
2025-04-22 04:40:37,80,77,77,74,0.0,46.75,47.656,47.906
2025-04-22 04:41:04,75,77,78,82,0.0,46.718,47.656,47.875
2025-04-22 04:41:29,85,86,79,82,0.0,46.593,47.562,47.656
2025-04-22 04:41:46,89,83,81,82,0.0,46.625,47.625,47.781
2025-04-22 04:42:18,72,75,79,70,0.0,46.75,47.593,47.812
2025-04-22 04:42:37,61,68,67,76,0.0,46.75,47.531,47.75
2025-04-22 04:42:56,70,69,76,78,0.0,46.843,47.562,47.687
2025-04-22 04:43:13,74,75,77,78,0.0,46.718,47.531,48.125
2025-04-22 04:43:39,80,67,69,67,48.7,46.781,47.812,48.156
2025-04-22 04:43:54,76,71,66,66,0.0,46.687,47.718,47.906
2025-04-22 04:44:17,81,72,79,75,0.0,46.875,47.906,47.781
2025-04-22 04:44:43,79,74,79,84,0.0,46.625,47.812,47.843
2025-04-22 04:45:13,84,81,76,79,0.0,46.812,47.593,47.906
2025-04-22 04:45:30,81,71,76,77,0.0,46.687,47.531,47.843
2025-04-22 04:46:02,67,73,72,79,0.0,46.718,47.593,48.093
2025-04-22 04:46:24,86,82,77,82,0.0,46.906,47.468,48.062
2025-04-22 04:46:49,74,74,79,77,0.0,46.687,47.468,47.968
2025-04-22 04:47:11,79,70,76,70,19.6,46.781,47.562,48.156
2025-04-22 04:47:40,80,79,74,78,58.4,46.906,47.75,47.781
2025-04-22 04:48:13,78,75,82,75,0.0,46.718,47.718,47.812
2025-04-22 04:48:44,79,80,78,77,0.0,46.781,47.562,47.812
2025-04-22 04:49:13,78,84,83,82,0.0,46.718,47.656,47.812
2025-04-22 04:49:37,84,79,78,78,0.0,46.875,47.656,47.625
2025-04-22 04:50:08,85,86,81,78,0.0,46.75,47.593,47.968
2025-04-22 04:50:45,78,75,78,69,0.0,46.687,47.562,47.656
2025-04-22 04:51:15,79,79,81,78,0.0,46.625,47.5,47.718
2025-04-22 04:51:47,75,71,78,78,0.0,46.843,47.5,47.937
2025-04-22 04:52:21,80,79,75,76,0.0,46.656,47.875,47.656
2025-04-22 04:52:53,75,76,76,78,0.0,46.687,47.718,48.125
2025-04-22 04:53:21,81,85,81,80,0.0,46.843,47.656,47.781
2025-04-22 04:53:41,56,78,78,69,0.0,46.812,47.718,47.812
2025-04-22 04:54:03,85,81,80,77,0.0,46.843,47.843,47.718
2025-04-22 04:54:37,90,87,73,84,0.0,46.625,47.593,47.625
